xs,ys,cat
0.9238711495066281,-1.0378543373140565,0.0
0.20174802047053575,0.39018111118880716,1.0
-0.459243261037126,1.9393661607992358,0.0
1.7649967179284576,-0.9001841358580607,0.0
-1.413593369413927,-1.9070475100644422,1.0
1.8579474427074003,-1.5820372549961133,0.0
-0.3568152180357531,1.10524916509973,0.0
-0.051068611879428794,0.9849656212893221,0.0
1.2691882856372976,1.3555614001880731,1.0
1.5973400464459742,-1.464240637652431,1.0
1.9142973605913611,0.8894284767553948,1.0
-1.427118458797613,-0.14816872631030842,1.0
-1.7140067404804236,-0.6063190808333419,1.0
1.4374262054185918,1.886187955406851,1.0
0.4503244188394726,-1.284048061884731,0.0
1.4179486681691627,-1.9613060107961027,0.0
1.0852518646827183,0.8507497125827572,1.0
1.1323699590687175,1.7813329558385158,1.0
-0.4231857888906756,1.4151631012322912,0.0
1.973887820023256,1.532417623925916,1.0
1.8482756728301544,0.8971801343154753,1.0
1.2175816688985428,-0.234292905296833,0.0
1.411309866397843,0.007339400822940156,0.0
1.8770796397616643,-0.5875757112835274,1.0
-1.7135055063287976,-1.8835699491134568,1.0
1.887800483814981,1.956468603005622,1.0
0.005589404048919722,-0.9778987564142261,0.0
1.39312200108937,-1.7916618473040669,1.0
-0.5845881211651522,-1.65304857933709,1.0
-1.9852923905771984,-0.7684273294621091,1.0
1.6752568073542928,-0.8911598957251545,0.0
0.43952605405105416,1.6345568387869434,1.0
0.5868956041555582,-0.01278494550937559,0.0
0.08275527957179785,-0.5345570219440159,0.0
0.8158788213705384,-0.7089288070271147,1.0
0.8041557527296184,0.9814114415662036,1.0
-1.0596730965433356,-0.4438272657854858,0.0
-1.3304436456623723,-1.9843458775311165,1.0
1.5712678286247406,-0.8097269403568741,0.0
0.7502065527354551,-0.3660142611958963,0.0
0.6870342699981475,0.961668720677531,1.0
0.3198311330746688,0.04302191979303904,1.0
0.1609176166856794,1.8924306046998378,1.0
-1.8913237525244537,0.7560700581653679,0.0
1.2713500243402085,0.9644733857378971,1.0
-0.7404306059641788,1.0014065517797905,0.0
-1.509994689980994,0.8531559841415728,0.0
-0.7555648929464169,0.11813110244995251,0.0
-1.5444719014493469,0.7357653258722454,0.0
0.36971617049703465,1.7624370608684794,1.0
-1.1432212221086342,-0.6650812912616626,1.0
0.9421614599245149,-1.6354137522962917,0.0
-1.2453269689216326,-0.8089544727197926,1.0
-1.813647883672365,-1.655725728406786,1.0
0.138555046386172,-1.6574307241452764,0.0
-1.706437756098945,-1.2929238101280385,1.0
-0.5982686918638156,1.9436233049080598,0.0
0.4169898384673911,-0.9075654602693222,0.0
1.7789610397963593,-1.1289981989503013,0.0
-1.9225435405875309,-0.9031625002686918,1.0
-0.8484928083364172,-1.744030454278128,1.0
-1.4397320241016676,0.4146030948543973,0.0
-0.7845439034194643,0.5014521552036841,1.0
-0.09054546060281554,-1.6293190694303323,1.0
-0.2634322577531081,1.2773900380233836,0.0
0.6889795276213415,-0.1997288790003049,0.0
-0.9224208856395086,0.980588671512804,0.0
-1.4018758710837358,1.6814888246075466,0.0
1.6668109577371601,-1.8583734510826067,0.0
0.30402635356149776,1.859938988144909,1.0
-1.4472284073429487,-1.6107942432510067,1.0
0.679686444621562,-0.28444878788379135,0.0
1.3183736917017375,0.15815124523035085,1.0
0.38954926313885396,-0.5024674715417015,1.0
0.7580336914179355,0.8549894781069662,1.0
0.013447392389999369,0.7654660260560116,1.0
0.8864664761803458,-0.6339258152879608,1.0
-0.602860075360867,0.08358531016428783,0.0
0.7720753768156388,-1.5135226261144128,0.0
1.605320311280233,-1.3312650199136762,0.0
0.780625112887019,-1.8702581979612285,0.0
-0.14030588652120013,-0.37435107104112886,1.0
-0.8259662099244531,0.3029943933202026,0.0
-0.5130441246841699,-1.0614056693152873,1.0
-0.5802229709724167,-0.759739799719565,1.0
0.6831260593985515,-1.563705018660749,0.0
1.5012298253520306,1.4080010871650264,1.0
-0.4868505133165222,0.10502276597441895,1.0
-1.8615746051758415,1.1473311695368054,0.0
0.886816963656258,-0.32201694311094675,0.0
-1.0201512949591636,-1.4990541397404775,1.0
-0.6496463663611278,1.3502792536477148,0.0
-0.9558375142309599,0.48094905820391354,0.0
-0.33867261057630715,1.4179728730376464,0.0
-1.8011700642492139,-0.9546286668165034,1.0
-0.28572123372807523,0.9647262812762665,0.0
-0.8293731971264453,1.932659150125971,0.0
1.0845618705187885,-0.5446348871667057,0.0
-0.9113372460805222,-0.9913197818103878,1.0
-0.9252782002613418,-1.0348978758228746,1.0
1.1489270655923591,1.851236225348876,1.0
1.6852262714671244,-1.8137372935134954,0.0
-0.3668124241356452,0.06162121750368499,1.0
-1.41908146661321,1.4088109957855641,0.0
-1.1255372647043465,-1.4322019472628629,1.0
-0.7349211119698555,0.15195001548012366,0.0
0.1839086094231197,-0.5267863623375497,0.0
-1.1291279644512926,-0.49579234319895926,0.0
0.27497390082866735,1.500525242346764,1.0
-0.010871151095529719,-0.3311066971634711,1.0
-1.9372669127212983,-1.3405158150907162,1.0
1.7132658314396934,-0.441743214686245,0.0
-1.710435751696426,-1.5006862696280256,1.0
1.7255953250756737,-1.931727518483176,0.0
0.3304544192829937,-0.5579532161402723,1.0
1.0907250289068564,-1.8806430245469867,0.0
-0.45265784053340274,0.6758433520284814,0.0
-1.034907064301934,-0.42333934995807354,0.0
-0.835293497318355,-1.4547887025049508,1.0
0.36834896639875536,-1.6354779397551424,0.0
-0.011763951322503186,0.12470327252888591,0.0
0.371169366879168,1.7483736946196506,1.0
-1.7674807240851198,-1.292035868212758,1.0
0.6015894762130727,0.8465217179516307,0.0
1.7974414266156153,0.4763688574628935,1.0
-1.8880252028571984,-1.3860814283623397,1.0
1.759015777950676,1.009820498717004,1.0
1.8227102258509134,-1.8420130199478546,0.0
0.5288681215864814,1.1329825604159574,1.0
-1.404500795396244,0.33787542571147133,0.0
0.6851923876425325,-0.3927980354870466,0.0
0.3052165921401122,-1.114105375188633,0.0
-0.8281415826710079,1.3230478058939172,1.0
1.0784709298472626,0.18345467169928797,1.0
0.37413563988092724,-0.950347352896892,0.0
-1.659199459058803,1.4212495260606968,0.0
-0.8306439232769587,-0.22870070805959175,1.0
1.8416651241450204,-0.04012341250980711,0.0
-0.23356981430042767,-0.30713940934232165,1.0
0.9735047848110283,0.7551903623169887,1.0
1.0246105120514506,-0.18482775464615786,0.0
-0.7779720815324684,-1.11737354296764,1.0
0.7019223939098005,0.4481088202026666,1.0
0.4209628530184273,1.3341506038267767,1.0
-0.8625928149411628,0.2094460850862414,0.0
-1.2353229271598214,1.905546923109266,0.0
-1.683592118892466,-1.7945638465653824,1.0
-0.42726971775304223,-1.6368869730960451,1.0
0.8897223493924042,-1.3542027371828111,0.0
0.10549739551875659,0.08763142005126445,1.0
-1.011780187322631,-0.2595554036531933,1.0
0.9908783391136264,-1.3625979035703137,0.0
-1.2453944232429888,-1.825850167086306,0.0
-0.08229529193332841,1.436293199443834,0.0
-0.7489013970358602,0.7623458091096698,1.0
-0.7518231118146024,0.04986434899799841,0.0
0.3309990436178287,-1.7521294890134471,0.0
0.35340921158417204,1.922787443708292,1.0
1.4061314795813926,-0.016504155399388765,0.0
-1.775650155907508,0.36169418905865314,0.0
-1.2888877089503357,0.025010220059808574,0.0
1.8838635491399178,-1.005627961420311,0.0
-0.743043218748904,-0.3116770117167591,1.0
-0.8589572309627198,0.6415680002750466,0.0
0.46587157610826013,-0.15705038536692362,0.0
-0.7102603663695892,-0.08830224103235285,1.0
0.45883300943367766,-1.74778883576489,1.0
1.6512992068056187,-1.0308445608444408,0.0
0.787875645371594,1.4439647362643098,1.0
1.7754328357744398,0.618825801039883,1.0
0.4135794719396171,0.40855577280743693,0.0
1.2094965262110722,-0.43451529205192463,0.0
0.9601902825594308,-1.4356174953125058,1.0
-1.2209518742163548,-0.39282416729146696,1.0
-1.5411981848445566,1.7848660107392011,0.0
-0.7671484534220294,-0.545958057701593,1.0
-1.6767746206153826,0.9101536630442211,0.0
0.02238065166906189,1.3636152669559722,1.0
-1.7087781595318643,1.32644513154167,0.0
0.22575875683982716,-0.9271059133184543,0.0
-0.7091604884197173,-1.6731738395886282,1.0
-0.30714169161982996,-0.5031951960177685,1.0
1.1303366207232117,-1.3011667377304872,0.0
0.07338304834966092,-1.0504704252742019,0.0
-0.2792723792933165,0.13206001465794248,0.0
-1.627930318693784,-1.4851755739871977,1.0
-1.9299598860597929,-0.3921427899488541,1.0
0.12108442677862064,-0.38348374738772195,0.0
0.0730505387554401,1.1139771687167448,1.0
-1.5768416516216655,-0.5189933621089495,1.0
1.382243465430892,0.1987855913838268,1.0
0.44140641549548265,0.3874850368385516,1.0
-0.7048263786593765,0.6088008003074985,0.0
1.0220202612119795,-1.596186642451995,1.0
-0.7720603215691306,0.2937444206956563,0.0
0.8505203217573509,-1.5706492307948543,1.0
1.2492859012338466,0.35639116048687036,1.0
-0.1351046065311916,-0.779503401509305,1.0
-1.7024370075183817,0.19920484299090058,0.0
1.7711689491121545,-1.2419093379446169,1.0
-1.246420837394881,-1.507557229221998,0.0
-0.19239486315183552,1.6131920976469933,0.0
-1.656100245796842,-0.836988951868411,1.0
0.9493131091725764,-1.6481942787984556,0.0
0.936571789875817,1.0712645627686173,1.0
0.28933855791202934,-0.35000319072521435,0.0
1.3872132337776093,-0.7169279153700598,1.0
-1.6831606996529649,-0.4838032813968338,1.0
-0.391931736983834,0.9232189866607334,0.0
1.3665503512089061,0.3724931733470016,1.0
0.5636531894903767,-1.2325022111509663,0.0
1.952842485019644,-1.0460069343201344,0.0
1.7291521110550399,-1.5639453163920813,0.0
-1.4698126923860166,1.955084711259334,0.0
-0.8455761537878157,0.9186154671635212,0.0
1.1311561558248981,1.681278582606811,1.0
-0.1824837310200591,0.009521010486602588,0.0
-0.7978816845792007,-1.0595847462438766,1.0
-0.725405972458947,-1.9390395668725877,0.0
1.8519550278557402,-0.9999347679445365,0.0
-1.7466600091195654,-0.5321878653570482,1.0
-1.0957024231003558,-0.690948233251012,1.0
0.01683610073917219,0.8559886977298468,1.0
-1.9595844118000691,-0.822128652231287,1.0
0.9548288535706191,1.6245408843468603,1.0
-1.4331528404065161,0.7705146147242576,0.0
0.5367885563615453,1.043917793484928,1.0
1.755573025678859,0.3014674213069668,1.0
-1.2285585037750257,1.480101936052003,0.0
-1.7110969096560082,1.6666465796751249,0.0
-1.3668563443481503,-0.37424318399668577,1.0
-1.7123292806802528,-1.036641256636686,1.0
1.196729350847359,-0.8085610827769494,0.0
-0.9112780924197512,-0.7427810767678453,0.0
1.8169650886552802,-1.1537563590295692,0.0
-1.0675455957471924,0.005980963686621266,0.0
0.6316270175008261,1.9893862062847556,1.0
-1.2227947347987893,-1.0884226664472352,1.0
1.6811504121022498,1.0610634167137873,1.0
-0.4839803766341353,-0.5100102695005493,1.0
-1.5670678867254204,-0.371088049757458,0.0
1.0616520805350373,1.8590379817752294,1.0
-0.42764280208305383,0.6693780811985333,0.0
0.4039770988912412,-0.6305671293450783,0.0
0.3606242829052202,-0.2572534008843679,0.0
0.3342074690596206,0.6546500723298618,1.0
0.1341178904909257,0.7653544299504524,1.0
-0.23614372025198405,-1.9520005006355903,1.0
0.7915748859438647,1.6290366041631965,0.0
-1.6778686972722605,-1.6041529584057317,1.0
1.2312756283783073,-1.9899675539768396,0.0
0.2598249817074949,-1.9430537451561891,0.0
0.19610919413446126,-0.4611821890751644,0.0
0.874668170553512,-0.020584390788955798,0.0
0.0822796476532317,1.447533645281943,1.0
-1.8560413744295694,0.5367082076000393,0.0
-1.1222138731753954,-0.5607368988244996,1.0
1.6339531866786188,1.317117056808787,1.0
-1.8827166634569505,-0.41273588377298864,1.0
0.868447702866558,0.02060666438173353,1.0
1.8556684234881615,-1.4861900666844723,0.0
0.1850487279571129,1.4322022741827798,1.0
1.1463965741813538,1.0464247037884231,1.0
0.8782905738077038,0.21047391430394358,1.0
-0.9777378557119842,-1.6795651492208643,1.0
1.5028591008760683,-1.2620323030785743,0.0
0.8638492098328783,-0.6052051555173685,0.0
-0.8458275182820456,-1.9995800111385393,1.0
-0.6607903058597806,0.5644939244027141,0.0
1.1113298468523847,-1.4465929232942134,0.0
0.5302277009828882,0.5664151910721436,1.0
-1.6396089364682491,0.9463735564455851,0.0
1.8367289976550119,0.8527078719038745,1.0
0.34299242496410365,-1.960083076494985,0.0
-0.1336443348596581,1.3004486661370276,0.0
0.11284023614820349,0.6954354037608907,1.0
-0.43830563104797093,-1.41997598982661,1.0
-1.5654278165250348,-0.7530765222217051,0.0
1.7587927087986617,-0.45384324932054154,0.0
-0.08277349831202363,1.5804874983183312,0.0
-0.6268356401618829,0.2612456880666061,1.0
0.9170343294196499,-1.1667964852151766,0.0
-1.681665727898566,0.6145835929242933,0.0
0.737842268089949,-0.34808970790240057,0.0
0.6130664516627835,1.1544740608694992,1.0
-1.1439033551515982,-1.71542311247781,1.0
0.1492999651178888,0.08219711922172523,1.0
1.9423808846573847,-1.1403372176828719,0.0
1.1836534235605356,1.9335651684435358,1.0
-1.028103033894101,-0.9224435666654145,0.0
-1.6211950086863434,0.04939249170476501,0.0
0.5284327843517098,1.9153905803250257,1.0
-1.5577445429470167,1.4519608299212683,0.0
0.5141579847646867,1.2424464699258304,0.0
-1.9383844032400512,1.3294190457093449,0.0
-1.9275413820017544,-0.44437025260451124,1.0
0.5777557489549561,-0.6995931643155227,0.0
0.9918469907569083,-0.841713264854592,0.0
-1.9824057250014837,-1.509051315560316,1.0
-0.2478087048641977,-0.5064174370162804,0.0
1.7621247803232531,-1.103768989024502,0.0
1.4539882301978673,1.1659461292325952,1.0
-0.02485087870675029,-0.5998395235320628,1.0
1.078575723313199,1.2883474117123859,1.0
1.3742553160835302,-0.74799342633793,0.0
0.9909368236981484,1.7145763623209898,1.0
1.0855060408110475,0.005869793953571012,1.0
-0.36648932395213185,-0.3231099594542788,0.0
-0.027756411471293596,1.356585626395149,0.0
-0.5269158965471261,-1.7394598100302607,1.0
-1.5609707319858477,0.5838914151857386,0.0
-0.8551862944226518,-1.3945483400260366,1.0
-1.555827621086014,1.2616418089480077,0.0
-0.7333828638976918,-1.9831603929347823,1.0
0.15622198819055955,-0.4955237640393628,0.0
-0.36001419976708826,1.2634932323956964,0.0
1.896355265020107,0.5020174808795841,1.0
-1.2363867837006803,1.9049689994900922,0.0
-1.0575536836808732,0.8093229421471388,0.0
-1.7944890347894784,-0.1353167288916155,1.0
-1.6580921952297745,-0.6116712286164341,1.0
-0.9635940882751877,0.6900317382271872,0.0
0.6868047613157171,-1.5176810750112706,0.0
0.038577006522833024,-1.264156800020071,0.0
0.13141873099970125,1.9954361770584366,1.0
-0.22618515947985873,-0.7161409588508216,1.0
0.7520356848790462,1.2708219842597952,1.0
-0.9867323326430069,1.4661678300231338,0.0
-0.6786006995449267,1.3305447718038654,0.0
1.8794892701507342,-0.4202203458022824,0.0
0.04367956379079718,1.2619508363401013,1.0
-1.1065757658976456,1.4354477354273123,0.0
0.8050964798056675,1.1998568141386672,1.0
1.7102695840899989,-0.06340640834700606,0.0
-0.2368231953300426,-0.8589916369884945,1.0
-1.3904618520068772,-1.0185745766495584,1.0
-0.9658394035062838,-0.29714894079813003,1.0
-0.09487086672333156,-1.4417898438916636,1.0
-0.059029797280997,-0.8431821440101324,1.0
1.6771870134503275,-0.21717740031494825,0.0
-0.4614349778157161,0.06842576377185017,0.0
0.10291338998311916,-1.4806832476379892,0.0
0.41208364839697387,1.2914085762316367,1.0
-1.1303136777086231,-0.2740166151746366,1.0
-0.7939182311997208,-0.29270905955037874,1.0
-0.430248181626693,0.06635001967338638,0.0
-0.16193742551238355,-1.02085605200838,1.0
-1.3322160911108667,-0.41051554709658467,1.0
1.4115228596636293,1.8901596740235624,1.0
-1.1453294853489595,-0.9230511747624148,1.0
0.6955609791679471,1.9430406652237626,1.0
1.7943790391285455,-1.677532542995217,1.0
1.5898636467623972,0.3714379798046443,1.0
1.0645943977893055,1.1899740258703626,1.0
-0.15672780423035526,1.3136849090004845,1.0
-1.6975916987684605,-1.4911406686900777,1.0
-0.273729597211942,1.563272496321083,0.0
1.1975805157397548,1.1220854161815086,1.0
-0.6546984117323609,-1.8311938569372659,1.0
0.21919198289925923,1.8010465721228224,1.0
-1.5100381653604722,-0.47502928034394865,1.0
-1.8042185516716072,-1.9342254970496442,1.0
-1.329509807224099,-1.0207729790170297,1.0
1.6606939568461185,-0.3270175529368271,1.0
1.3677373983620895,-1.9320349528664646,0.0
0.9772947703540544,0.8176562396992861,1.0
-0.7963999547971596,-1.8304365749701867,1.0
1.614304049999265,-0.21589376863926235,0.0
-1.843083694695577,1.6866464449594516,0.0
0.6787094177904951,0.4147288081946101,1.0
1.1956828919483669,-0.9002957541248855,1.0
0.24890610934001334,-1.4381360300105763,1.0
-0.44366774733936243,0.8105528231326788,0.0
0.6878169275898087,1.5602195541142345,1.0
1.8473564119275,-1.7542418888696751,0.0
-0.35384588431385566,0.30202529789659893,0.0
-1.6520603207645972,1.0335507606407397,0.0
1.7686121555808265,-1.0004617874978892,0.0
-0.8398803066503113,1.2068096474095005,0.0
0.2570328412846634,0.1523955246108244,1.0
-0.2095106786062968,-1.4891935674231314,0.0
-0.32163757078821176,1.2607657276702318,0.0
1.5072472623599715,1.3864842934465482,1.0
1.1729360292749726,0.786931510838369,0.0
-1.6493585111066524,0.6244983356385032,0.0
-0.850816744645376,1.8030152420729744,0.0
1.5672045189512573,0.7959764422096809,1.0
1.4606525815902476,0.3936729852404137,1.0
1.7757875699058103,0.3043800934454861,0.0
0.9542121876511733,0.6199052389014383,1.0
-0.671063464770552,-0.602146539834473,1.0
1.345806140806792,0.7913099095569205,0.0
0.7667606175190573,-1.9505422020298302,0.0
-1.9988700215032935,-0.27570768557620795,1.0
0.31978596410956683,0.7576023686169795,1.0
-0.06054949080114591,-0.9443897272495332,0.0
1.1375171810377944,-0.267796991898801,0.0
1.9934353465841101,1.694317740850674,1.0
0.023203531561373225,1.4925440067439446,1.0
0.4876790481357811,-0.02165924297754307,0.0
-0.6472155656198808,0.6768781908518862,0.0
-1.8274664578638222,-0.4102722008723032,1.0
1.6448208781891753,-1.8946058835472916,0.0
0.78426227150418,-0.0022810688734096196,0.0
-0.2864318600200111,1.2887084987632265,0.0
0.0013568987188694592,-0.9486659943569467,1.0
1.9518607338505052,1.2624084922938659,0.0
1.4214861953985416,1.9308399297656682,1.0
-1.7856739891597795,-1.3292104727775893,1.0
0.37289194120460634,-0.724615185891929,0.0
-1.147733646389654,-1.5762950004586966,0.0
-0.035483890564600884,-0.09507070989991417,1.0
-1.7754837887461479,-1.7992239586054843,1.0
-0.9753570895165704,-1.1914704454339091,1.0
0.6963386092198127,-1.0439888549879814,0.0
-1.0802279716652499,1.3256786908926323,0.0
0.6511370154080596,0.9495552997358483,1.0
-0.6872819681222331,0.7379568315184177,0.0
-1.0249248228947572,-0.5442574752095677,0.0
-0.4720479341661039,-0.462673170319599,1.0
-1.8822190370001568,-0.8907384110745205,1.0
-0.6531183981661988,1.8552016411512722,0.0
-0.8441888833048341,0.9829736786084031,0.0
1.947503559317811,1.020556320414265,1.0
-1.0503697350591659,0.2581488577247386,1.0
0.7105706850369953,1.7510156126535659,1.0
0.8371701098909523,-1.7454803941022838,0.0
1.304490292932508,0.5406801191243189,0.0
0.382731343115561,-1.6750100196872943,0.0
-1.4124677141831428,0.5526068128852195,0.0
-1.7782632138848258,-0.4329988811058003,0.0
-1.6300326378886623,-1.3999982853433646,1.0
1.419786579729549,-1.4741685812086383,0.0
0.08939152847398679,0.14345670821531087,1.0
-0.9037285753055713,1.318425092003479,0.0
1.2861257944614564,-0.13536512996430483,1.0
-1.8663866269850105,1.3310861078551404,0.0
-1.0738806269733008,-0.7901672245943168,0.0
-0.9243083183918217,0.46946555347315266,0.0
0.7976298790124319,-1.0725214683011242,0.0
1.9733220952106527,0.6811044311914705,1.0
-1.7159761950247612,1.337016761877797,0.0
1.8084531557446035,-1.866711418745627,0.0
-0.14527721951881523,-1.1645518186464283,1.0
0.7571750165180196,-1.7964814501408113,0.0
-0.1264555113303918,1.6321801456827618,0.0
1.1573675972373185,-0.2945793936176675,0.0
1.2398350305952577,-1.7495318829413136,0.0
-1.4600100670268126,-1.904186809599028,1.0
1.581787742556263,0.9797384793245065,1.0
-1.9386975997402036,-0.45718597269326544,1.0
0.029584688966425965,0.9301402279338156,1.0
0.42186353469915794,-1.3782692384478392,0.0
1.0123940563882203,-1.961070662040974,0.0
0.8496117679433484,-0.8260766712687726,0.0
-0.7607846018539286,-1.5945930378582975,1.0
-0.38110865927532567,-0.169724769307531,1.0
-0.5820121387041519,-0.5277422310769269,1.0
1.2225578129990713,-0.6307420866027824,0.0
-1.0933253086305554,1.2989352949125719,0.0
0.7454698179604669,-0.8587638758624627,0.0
0.12811453229263225,0.6473664702165656,1.0
0.9273823076534784,0.12453699263848472,1.0
1.1586907007823077,-1.3306479345926228,1.0
-0.7383276205455389,-1.1486905287598135,1.0
1.548226225610306,-1.816212246080791,0.0
-1.6488989338384408,-1.2937740046299266,1.0
-1.538638247289862,0.08287027382403522,0.0
0.4180955127971231,-1.599950349887329,0.0
1.1529333288024861,-1.780055064346202,0.0
1.8174946146046285,-1.6181088483102828,0.0
1.292929926753843,1.805249846081717,1.0
1.7844798667485957,1.3950406806614808,1.0
1.619398109499265,0.15467580144368753,1.0
1.3171772671907762,1.305465014137405,1.0
-1.1134336816371202,0.5734432081142384,0.0
1.577316451044001,0.9308338666376108,1.0
-0.6556026564731603,0.8714558414866316,0.0
-1.283965881960055,-1.7498272765634213,1.0
0.47615003625633845,-0.15231632089810176,1.0
-1.4944479713538232,0.6463539580135951,0.0
-0.9387561250133123,-0.9175928344722495,1.0
0.1787183153842138,1.4795226339036938,1.0
-1.3618177223891172,-1.73882169470901,1.0
1.7324195401761782,-0.7493687123545243,0.0
0.12040692416961463,-0.5669161894547847,0.0
1.6103100996874913,-0.9805755726417873,1.0
-1.1418706464081958,-1.8240247459117365,1.0
-0.19468097069493995,0.90687543328159,0.0
0.22033260741667826,1.3879310615953337,1.0
0.360645338876842,-1.057848023171387,0.0
-1.6403509920829418,-0.18001817870667836,0.0
1.0345861158122895,0.9000610262853881,1.0
0.9726180489547773,0.670222569876088,1.0
0.252224742284735,0.9955243040029575,0.0
0.5203069864831917,1.421513664738165,1.0
-1.1941116161679837,-0.5766475153330459,1.0
0.6583521720951153,-0.8408155316401462,0.0
-1.8159755388802923,0.00833582840109015,0.0
-1.1424514891455853,0.0741641912392974,0.0
1.689897514284468,0.10385216700464506,1.0
-1.1199106087315278,0.650924705856065,0.0
1.1299339564994173,-1.0242779771173662,1.0
0.6038467182037146,1.7561887129369982,0.0
-0.03320978507102712,-1.9516901752755569,1.0
-0.46341843623778756,0.768687239419771,0.0
-1.7080488854497298,1.5758036357454808,0.0
0.30010332119129446,1.9950027227285774,1.0
1.3120386976444331,-1.2754088789643991,0.0
-1.3549522069296764,-0.4381379932167211,1.0
0.48467452594061555,0.09160710554645357,1.0
-1.3784624254049542,-0.8911973977981895,1.0
-1.10614332674298,1.9048557957379337,0.0
-1.9915811277174615,-1.0379147192055274,1.0
1.5190372995872674,-0.6900810340651145,0.0
-1.1895503065650028,1.7737207324980644,0.0
-0.98842696343723,-1.818444385603748,1.0
-1.4273514524497797,-1.7313299726063516,1.0
-1.5803691268425575,-0.058616927325494395,1.0
-1.374591650655479,-0.14366513437491113,1.0
0.6581120616928948,-0.7724857570937962,0.0
-1.4581581612764696,1.214516121752744,0.0
0.751378466960559,-1.5461895428745138,0.0
1.6265610022710346,-1.982242527590644,0.0
-1.981334575404535,1.0065129196001958,1.0
-1.0833957161962968,1.9175522531869125,0.0
0.14771923477233662,-0.0666756596497744,0.0
1.9019287962349773,1.5369361632479062,1.0
0.9215467614844148,1.5509565143456725,1.0
-0.9063253469654278,0.15167074435010708,0.0
-0.676126859991129,-1.3143780075640166,1.0
-1.0003029765078528,1.1172041593221995,0.0
1.6361267994724238,1.7083550099872715,1.0
-0.48744165263720785,0.8750198533939715,0.0
-0.5748376003652309,1.7622885928519407,0.0
-1.1333248408324543,0.13152498936733492,0.0
-0.8333482312995351,0.41850922470192486,0.0
1.0575360899513666,-1.1675712889613727,0.0
-0.4982289689161066,1.4447570069323312,0.0
0.003252571540514726,-0.17171891931855843,0.0
0.31965644021932826,-0.38155297402466193,0.0
-1.9789227855865739,0.30264022490013653,1.0
0.21773026494492864,-0.05883833426083207,0.0
-0.16966775796845024,1.460864086997872,0.0
-1.6734128524017242,1.7823120035515068,0.0
-1.092654892069573,-1.3100598124554361,1.0
1.5933250038678364,1.148992151002353,1.0
0.42388333582683213,-0.8792696546863827,0.0
0.6821566952906455,-0.6114366883324105,0.0
1.2021369692690071,-1.3363289985905547,0.0
1.646521301384158,-1.6908915287635566,0.0
1.3079091229776982,-0.7550110291359435,0.0
-1.8871386416847966,0.2670008355834832,1.0
0.4582571897967562,-1.0719700963781236,0.0
-0.7595785265476711,-1.275665226554385,1.0
-0.0932200816430675,0.33600035394659056,0.0
0.21899397732774606,1.8132868448717283,1.0
-1.357020931615363,0.4584534752227034,0.0
0.26016068884118226,1.4385061950276676,1.0
1.5430426523196847,-0.6281343160304322,0.0
-1.6626059199456633,0.46879177998637944,0.0
-0.3330922414742066,1.1697991820743492,0.0
1.434064089346275,0.869499656179388,1.0
-1.4730312209030334,-0.29690454373753195,1.0
0.5510833917312792,0.6487461103491445,1.0
1.3612100926559938,1.485440884019194,1.0
0.6802889918756896,0.8624333858707112,1.0
-0.08073621773986472,-1.07784769491512,0.0
1.525839814996687,1.4618399905765829,1.0
0.8928374071564873,-1.8447008584965974,0.0
0.8015862767371935,1.4768801493394936,1.0
-0.041486613613354706,-1.741032624363323,1.0
0.9826696723711854,-1.9004351480797652,0.0
0.705020562275815,1.924736553095996,1.0
-1.3327834297358203,1.0445912565522222,0.0
-0.06989814885734846,1.4969385009781275,0.0
1.1190455199580551,1.6837496287565257,1.0
-1.457026482080432,-1.7148477537443632,0.0
0.7124670937434732,-1.3681119640090644,0.0
1.4134900170994644,1.2203220173850373,1.0
-0.8293194898763594,0.645900451976376,0.0
-0.027601381422126536,-0.4589833399985568,1.0
1.6526196501298824,-0.9864685565588305,0.0
0.3799013041817747,-0.6046613757921011,0.0
-1.4404811344300796,-1.6278918694750688,1.0
1.0210432181941198,-1.1930047803798,0.0
-1.250374407448135,1.6125378414712355,1.0
-0.47738518808281105,1.853717854241538,0.0
-1.2974724000350015,1.8824439600365812,0.0
0.1712114119672341,0.30271282063291505,1.0
0.7861521483157317,0.5830653212658259,1.0
0.48722725487247054,-1.8111863066160985,0.0
1.559780161386183,0.7239217607319532,1.0
0.9037937682949799,1.4416203447384262,1.0
1.0930686488171335,-0.688849934407008,0.0
-1.6706044530591142,1.890829713504893,0.0
0.3792295551610656,0.04125891960850403,1.0
-1.657967824063801,0.714329353142459,0.0
1.5428481920255628,1.0807301038493708,1.0
1.5627329683218125,0.23909653481898996,1.0
0.8494750533345923,0.9498263628363226,1.0
-1.7341060124004493,1.2456872454038312,0.0
-0.6372325229794877,-1.4999512750969712,1.0
-1.4303155412151196,1.5357543681928476,0.0
-0.999267896311244,-1.129666822717613,1.0
1.8655855580438434,1.1587705677320557,1.0
0.9381913635434729,-0.49381344079207423,0.0
0.9333658793207245,0.7065955118854674,1.0
-0.3018785210504773,0.39494841941566916,0.0
1.0753921881677808,0.5078839295519417,1.0
-1.5323621144291595,1.3631280110502022,0.0
0.4085057333875315,1.1112313096074793,1.0
0.4503006393004423,1.5397178132830653,1.0
-0.8233129877109948,-1.4534473891435287,1.0
0.3977239729287789,0.04142318231599251,1.0
-1.2152140285434894,-1.4038480743381352,1.0
-0.4896338907413793,0.8982911959544784,0.0
-0.41839330404333497,0.47540897900178214,0.0
1.007498029031245,0.7151630054243943,1.0
0.8060337870689542,1.3906551334527806,1.0
-1.1251396662482032,0.24712973179208886,0.0
0.3065520722077748,-0.431225056305391,0.0
0.3280734911824412,-0.16535772020811113,0.0
-0.40612737655543896,-1.6129742318749565,1.0
1.7906265939806132,0.5625219474282068,1.0
0.617321657167035,0.707650956237158,1.0
-1.2251188151520083,0.33073952433966713,0.0
-0.3154027088259199,-1.3372463976388165,1.0
-1.2418423392917748,1.1948913648116557,0.0
1.6753489547418812,0.8507270264885913,1.0
-0.5637311790663806,-1.0202976372266819,1.0
-1.1768059231944967,-1.2060150587238572,1.0
-0.22600775389524763,-1.893965963663987,1.0
0.7371654913238479,0.8539402198473498,1.0
-1.0964243271633562,0.8046783031450047,0.0
-1.9314172855522744,-0.42419298769238756,1.0
-0.3163798230215873,1.6100842961033237,0.0
-1.4431292387561516,-0.6969958140744477,1.0
-1.1557761350322258,1.6129928088751382,0.0
-1.4506855908290288,-1.7936265122774224,1.0
-1.9797392955955977,-1.0308408033574277,1.0
-1.8859542682909636,0.6522487723805153,0.0
1.210769057371957,0.3658280272914891,1.0
0.36911409281707774,1.8082832535932676,1.0
-1.4162117970261692,0.47978993114764634,0.0
1.6372017687466154,0.9670088630101437,1.0
0.045260861028724175,-1.9503857343725195,0.0
0.6968143429137958,-0.6479676334184861,0.0
-0.7320168198470753,1.3464062062695517,0.0
0.11551531996930064,-1.0542889029447609,0.0
0.2796708068968967,1.0661026273555994,1.0
1.9853824132980664,-0.38723583592459665,0.0
1.2731931916824784,1.6732931553903523,1.0
-0.9107474420549626,1.6517111888004106,0.0
-1.250449623028056,-1.1192585582603036,1.0
-0.45010134257909806,0.732949899750114,0.0
-1.1546043224172444,1.3165986097951512,0.0
0.48194579425027584,1.5138430077926772,1.0
-1.17051180368626,-0.2333618492898184,1.0
0.39450123229408085,-1.7199622856630796,0.0
0.061559438090271534,1.1231242226861031,1.0
-1.4149601282738757,1.6585444000016287,0.0
1.6653425506664088,0.9540422056231175,1.0
0.2134679354138611,-0.6204853822547194,0.0
-0.064890997027919,1.2427890355021636,0.0
1.0283819310399869,0.5153328697238879,1.0
-0.0803692704414325,0.34294274929646607,0.0
0.9017621832243914,-1.4297686457488727,0.0
-0.75579807841725,-1.2631865248990608,1.0
0.6675850864280832,1.8913101444766833,1.0
-1.7371364221030086,-1.840971643981757,1.0
-1.3044730950040893,-1.5297523400394915,1.0
-0.01056579315804429,-1.386176923741497,1.0
1.7919530118521116,1.339279562228104,1.0
-1.464981327415174,0.5309167949210631,0.0
1.2231656526462271,1.1578611500424625,1.0
-0.7335023216814274,0.7112335697403238,0.0
-0.09569301895124349,1.6479685628188134,1.0
0.567754208234259,-1.0607868535500802,0.0
0.28280660119091117,-1.636112034817946,0.0
-0.40678268277045326,1.4994289372661394,1.0
0.5467159603853831,1.6617531211796255,1.0
-1.9006309034890574,-0.1643831298524372,1.0
0.07210251498205267,-1.8623277500852087,0.0
-0.6406968317180688,-1.0785947259223025,0.0
-0.7562163895444742,-0.6088120721756001,1.0
1.0309230898330983,1.4529500640887716,1.0
1.8814738305482575,-1.4092941127064114,0.0
-1.9289409153516477,1.7907072804761905,0.0
-0.39219522376840343,0.5045525814707017,0.0
-1.5366637569471049,-0.07536170817679766,1.0
-0.07793937450709354,-0.36185478205890753,1.0
-0.5578054726341279,-0.944359895258708,1.0
-0.0022414792175671217,-1.2054705865349655,1.0
-0.47830753181492547,-1.6951707737576927,1.0
0.9948037618700747,-0.6500785775585274,0.0
1.1357943417591474,-1.602103157142654,0.0
-1.1532378633826856,0.09303597301143585,0.0
-1.085619583340569,1.9279930445540825,0.0
-0.8827677701697545,0.5895431484373876,0.0
-0.908594655236818,-1.8311027876613726,1.0
-1.1297339763403746,-0.6388591486754396,0.0
-0.5088914268535207,-0.23049622091091893,1.0
-0.9903094130514885,0.06009937453201397,0.0
-1.1248932718351856,-0.42271000990553853,1.0
-1.1600730932016754,0.3098974383089219,0.0
0.7552395034594888,-1.9336447520280093,0.0
1.502896138818771,1.6933752032006546,1.0
0.36933620361014396,1.3262269230090986,1.0
0.4557503800306759,-0.08816331477195627,0.0
-1.6477061881632293,1.4298248374488627,1.0
-0.5361292071304091,1.5093994632745247,0.0
1.373151803829734,-1.4408261872931747,0.0
-0.9282460627685722,-1.4582327109059987,1.0
-1.0021198473398507,0.029552257001525195,0.0
0.7474510354189361,-0.35984908241055,0.0
-1.6874882721542543,0.008178011458513712,0.0
-1.3719458235529802,0.23943592566812644,0.0
-1.8752849611196698,-0.8488433948558702,1.0
-1.034265980426241,-0.8474462089514883,0.0
0.2640665963157178,1.6486717308256407,0.0
1.1149402159681459,0.7155082713654619,1.0
1.719801677423388,-0.47282615320386645,0.0
1.5279735539053543,-1.3776993503939194,0.0
-0.12514041815210186,-0.04995772154342282,0.0
1.2421513108391848,-0.7737637017676393,0.0
-0.610757511611177,-0.6862512455679495,1.0
1.4385979813805485,0.10144862972751323,1.0
1.5142379198817362,0.9713604695621649,1.0
-0.29076740789563127,-1.6789148621800658,1.0
0.6295689061972451,1.433176240447247,1.0
0.7511769915703299,0.1891368457846001,1.0
1.123187553239445,-0.9131875355301045,0.0
1.5704985891541834,0.7214974307182564,1.0
-1.3991253773662677,1.2250402372596665,0.0
-0.6386801666345523,1.3561845828656653,0.0
-0.26979466393010343,1.0355372221944417,0.0
1.6607924202303832,-0.7821192327650079,0.0
1.3884482038202646,-1.0536452277603723,0.0
0.9816456340932311,1.4907314682411417,1.0
1.4817319435303005,1.2757278770741909,1.0
0.8958816776843013,-0.5241910216391852,1.0
1.806004405678347,1.633770146507644,1.0
-1.3228787340409056,-0.17651021039931702,1.0
1.2890745210919943,1.2830123697435343,1.0
1.4839915966572392,1.0213348866924177,1.0
-0.764977672869311,1.1885609014758378,0.0
1.24921885615256,0.957584524911768,1.0
-1.1773464539999,0.4682828399463208,0.0
-0.3173700212792281,0.4292185882195332,0.0
0.8111015714653607,0.2677697105683463,1.0
1.0425014669939068,1.6693624012488693,1.0
0.5883150916974276,1.8003026635741812,1.0
-0.29248481164769835,0.866780156127585,0.0
-1.5403413973798332,0.6625384723288641,0.0
-0.5925985016601247,-0.5370413997004833,1.0
-1.8006435081520396,-0.9964269734668014,1.0
-0.25192397465404426,1.6499944398590727,1.0
-1.1503145888472828,-1.6826887519601583,1.0
-1.911887179419839,-0.44718434415867137,0.0
-1.2881817921980305,0.36209961374200317,0.0
-1.2333538911634383,0.34734973394096835,0.0
-0.7242943561713853,0.9912540108738184,0.0
1.214673638871138,-1.9852460586743779,0.0
0.019503174374519983,0.6948549352098174,1.0
0.8561339927998426,0.22089794882399083,1.0
1.7944639902983712,-1.2141115658974928,0.0
1.3634741078853958,-0.7123976521788675,0.0
-1.1909114898023456,1.978888496361657,0.0
0.40360570087205794,1.422833616355133,1.0
0.6342937814734175,-1.639403896230637,0.0
0.310576767794124,-1.976199722893535,0.0
-1.545397292207615,0.38119300277936485,0.0
0.1548716407346311,1.3698405057743868,1.0
-0.03848558990643003,-1.3696962052331938,1.0
0.6373976587222376,-1.5212077136284932,0.0
1.4844469335185009,-0.879407783921403,0.0
1.4978270212964961,-1.9036445447349046,0.0
0.5296134405329656,-0.9126812608532591,0.0
-1.7415507860334394,-0.8045608178068369,1.0
1.8830455641860384,0.6160695833252885,1.0
-0.12004760024191174,0.1418009404687801,0.0
-1.4466211390452597,-0.3880630241037979,1.0
0.2260031030536398,0.6810785561181532,1.0
0.4931169560267308,1.7881164800001175,1.0
-1.7519664148525274,1.655748309555988,0.0
0.34154803798685673,0.7341046376537022,1.0
-1.1733117800661685,-0.9087274637534106,1.0
0.16346139818249306,-0.8351670848829187,0.0
1.7458210523121012,1.9088768980076622,1.0
-0.21204805305904673,1.7810706866704153,0.0
0.020194856774044645,1.625686918733833,1.0
0.04107163105690015,1.6046695356916967,1.0
1.6280006922589503,-1.7234986375385355,0.0
0.7625342347236241,1.1936213978509653,1.0
-0.31958863403070525,-0.5920477096061196,1.0
0.5352733883071643,-0.01714166761802849,0.0
-0.5534916198173847,1.0153465483031434,0.0
0.7600338206907771,0.5161475365674475,1.0
0.884477570398547,1.0627641393860023,1.0
-0.014485174050041572,-0.90126739823123,1.0
0.03787277892580132,-1.216845519586315,0.0
1.8555265027484955,1.1634480038269421,1.0
1.6553940529526359,1.0198854541114901,1.0
-1.0566748192857522,1.346296384330477,0.0
1.6879306426754765,1.8546145016415396,1.0
0.08242410070601869,1.0398333840297136,1.0
-0.9010163946206386,-1.2338803936420453,1.0
0.23287255300085352,0.3505557636083978,1.0
-1.927087184866863,1.3660150599464442,1.0
0.7899398842833381,-1.5662552721553804,0.0
0.7861567288259472,-1.1672686691774796,0.0
-1.416544596606189,-0.1927148253917319,1.0
-0.8264427986058629,-0.32508155928870597,1.0
-0.6465676078239713,1.3337633663226232,0.0
-0.4834105213069879,-1.7528044788552317,1.0
0.6311688017283381,-1.8259458783935552,0.0
1.331558233027526,1.0500721605559566,1.0
1.80244668199607,1.4095422771539585,1.0
1.26007853850063,0.49456363455351493,1.0
0.4658936609753477,1.6454991828531353,1.0
1.9653234371536006,-0.5893307011182012,0.0
-1.5023202426787061,-0.6261567216789627,1.0
-1.8930055834544492,-1.2748594064013452,1.0
1.653661190746468,-1.9940205288557817,0.0
-1.815341755163756,0.7129828767203525,0.0
1.9295008079400846,-1.7104743086235454,0.0
0.46940997926887995,-1.9884258119870926,0.0
-0.20664550185155228,-1.512087552226363,1.0
-1.358338231672914,-0.16369793865037074,1.0
1.0270653173222648,1.6079833936039294,1.0
1.5596371531765194,0.8998623108087367,1.0
0.17061153399986217,1.674242212283216,1.0
-1.5722319210070568,-0.550994738471017,1.0
1.0584664543129634,-0.6768136339975328,0.0
-1.6669377153258562,-1.6848074668313142,1.0
-1.0492965495634126,0.7686481648119643,0.0
1.6745274095203055,-0.6604888187716664,1.0
-1.7312248369672298,-1.4018613229074508,0.0
0.6173254567134667,1.0749325056735972,1.0
-0.39393386699726074,-0.782741142241107,1.0
1.7383749032689133,-0.9242447712846604,0.0
1.8442250222312735,-1.4317808908828917,1.0
0.06004620830126628,-0.17250336523098353,0.0
0.9030702696355375,-0.29920763080865553,0.0
0.44729325939291975,0.6107455712334007,1.0
-1.3927939421884137,-1.2514692757246113,1.0
-1.1875462270003214,1.1772218004911164,0.0
-1.2234792591678185,-0.07380049053343729,1.0
1.8599300397963328,-1.4193415625130918,0.0
-1.9618645482877053,-1.4299623633023737,1.0
-1.473563112640568,-0.9282107835003455,1.0
-0.2007159314988276,1.4320446812825107,0.0
0.3353883809525371,0.5458383849337629,1.0
0.7866814971017071,0.04192641933653851,0.0
-0.7223163816414542,-0.7798627359062618,1.0
0.7083452777365489,-1.217988463722322,0.0
1.434563343468608,-0.6960232374847042,0.0
-1.2237768294406766,-1.614714973832117,1.0
-0.5622613205861495,0.37521577448922994,0.0
-1.4224932465019706,-1.943917377201012,1.0
-0.7284434208942949,0.6586468164423662,1.0
-0.6781678389439576,0.7058479021726698,0.0
1.3029616055777424,1.7573387088420755,1.0
-0.2691566068788971,-0.540907517724893,1.0
1.406353543941496,0.655280144863692,1.0
1.3734725967251515,-1.628787555854113,0.0
1.4485253110347642,-1.2897019968064747,0.0
0.36993755304245424,1.1515134046277171,1.0
-1.7823919215225348,-1.6994237317501928,1.0
-0.937481108916776,-1.2694107163499329,1.0
-0.6892490440281414,0.8738084726444741,0.0
-1.8581781356352072,0.06748960053622621,0.0
1.917031108173521,-0.8397582129127317,0.0
-1.8289019159751865,0.16280251905837906,0.0
0.4112310496614091,-1.277741411037121,0.0
1.5034655166911626,0.5202884729095487,1.0
-1.035458806285888,-0.01613543689159247,1.0
0.9601707332517213,-0.8390844366457006,0.0
1.9213502195160927,-0.7388501559054532,0.0
0.7425445398000807,0.8054987733315326,0.0
0.6159865594620326,0.6346304983181503,1.0
-0.01633172442547348,1.259511836848997,1.0
-0.07403358049216546,1.9890118513818837,0.0
-1.1068558661864465,-0.2025437063007831,1.0
-0.3170925576844428,-0.8944988840851456,1.0
-1.9175856981203658,1.0833173116376411,1.0
1.780175562549121,-0.07601141153589808,0.0
0.5389463229492333,1.6945394688095514,1.0
-0.6935381470052975,0.28237442728025464,0.0
-0.30704067892795583,0.6435073509309333,1.0
-0.6367650225290871,-0.43930467658183936,1.0
1.6253630696523023,1.604128096575193,1.0
-0.3547035740321762,1.368655281184974,0.0
1.9228694798411285,1.2306973748795347,1.0
-0.1811195655552842,-1.9356464030891702,1.0
1.9059815179187636,-0.4318201638597614,0.0
-1.1502028223713245,-1.4854262260594275,0.0
0.5354112964465703,0.8512719296686746,1.0
-0.4685748234930638,-0.1743823256586201,1.0
1.5275923892057839,-0.08446904515688924,0.0
1.5428144370615455,-1.8015101052452973,0.0
0.052985294928765025,0.1263645664743609,1.0
0.6221881084828906,1.6909107888126274,1.0
0.5119824800802899,-1.5128129307307874,0.0
-0.7503899611408844,1.286333767312282,0.0
-1.3699369862274398,0.9204548756210147,0.0
-0.8390475682720293,-1.250502440190175,1.0
-1.4784261205933378,-1.683975676587691,1.0
0.8174323117042892,1.4492344339170717,1.0
-0.8372072528602899,1.6892086057062068,0.0
0.572312845471088,0.4999249484834096,1.0
0.29990268332324277,0.7524783631502441,1.0
-1.162219189368968,-1.2517033375931637,1.0
-1.7061589201060046,-0.36616019139069467,1.0
0.37692735383532217,0.534867938818322,1.0
1.5568345718092949,1.8129543225822156,1.0
0.43207746938922487,1.6993932483851486,1.0
0.537448158004175,-1.7780684647542015,0.0
-0.557157119432631,-0.4251736618063693,1.0
0.8223195221589066,-1.3121525564032868,0.0
-0.5158801473808996,1.009744490885248,0.0
-0.3089236051021431,1.482308697273059,0.0
-1.6677767316143135,1.7475221406372046,0.0
-1.078602119077006,-1.1187793330770983,1.0
-1.499654965220821,1.4319630776744985,0.0
0.016442356510277367,1.7042113397430896,1.0
-0.8860379750625946,-0.5487454068191653,1.0
1.227071883833228,0.3643408323288919,1.0
1.751591662129226,-1.1898495458616325,0.0
-0.6358750080353333,-1.23132625427656,1.0
-0.8271799714113812,0.956875714796662,0.0
0.7265666557410917,-0.589568250618246,0.0
1.1977031307802135,-0.603464603297934,0.0
1.4823514483132034,-0.6873284640631288,0.0
-1.9191160530354194,1.0944567703757664,0.0
0.19040801734413293,-0.561839890142366,0.0
-1.081030064648651,1.8960516768230171,0.0
1.191967214397533,0.27425350596865794,1.0
-0.49270231283426735,0.9371191253509177,0.0
1.3626535894051655,-0.7734773692110282,0.0
-1.6239325530199733,-0.5498406748865081,1.0
1.9260032608876498,0.08953308260366333,1.0
-0.5726254760641529,-0.6640860659243164,1.0
0.09451709539305408,0.27396454639757506,1.0
-0.2072000094061206,0.9001193916421095,0.0
0.32366019420660397,1.910068946035314,1.0
1.552355932284335,-0.5239635748374885,0.0
-1.2774660299922092,-1.140289478978152,0.0
0.3036195467765386,-1.8261621294802213,0.0
-0.8650654741419928,0.6818224105695814,0.0
-1.0637634028564529,1.3160708555115797,0.0
0.7463217545034291,-1.4745512756773032,0.0
-0.7694576611777095,-0.48069837222091794,1.0
-0.36648103084511874,-0.22546716557484414,0.0
-0.8737664018460354,1.8383654184759797,0.0
-0.010104408375587681,1.2306637835004075,1.0
-1.0482552376699759,-1.4384647620890836,1.0
-1.9479852312884254,-0.9269885855320448,1.0
1.0086331471746246,-0.5199552705406107,0.0
0.9344045026963905,-1.6549292557474176,0.0
0.2967734070974193,0.7889128942516908,1.0
-0.7550988867646717,-0.9604916205524496,1.0
-1.338096172527,0.9305731064166864,0.0
0.7890611960078808,1.9267583042162926,0.0
-1.7490358891381663,-1.9214318159563502,1.0
0.8511106856294024,-1.7710361080801955,1.0
-0.9358768074749038,1.6731869782024127,0.0
-0.8790557035202258,0.3948062045263332,0.0
0.9743172300383383,0.24954661604890482,1.0
0.6694700088689625,1.086612540427367,1.0
0.41191928572076586,0.21392308597468102,1.0
1.4932576381874836,-1.259702892044134,0.0
-1.262264842438935,0.38625762915254347,0.0
-1.223333588604067,-1.419936532842752,1.0
-1.9067146147700633,1.883373777774127,0.0
1.5655377560637458,-0.17019839099847678,1.0
-0.6478157360830559,-0.19631616916068406,1.0
0.1088113675729776,0.3156378333637013,1.0
-1.98321678690144,-0.5872922863673056,1.0
1.4882078318594303,0.14056733114031772,1.0
-0.9860027579011272,1.0297144286535285,0.0
0.794075633691564,-0.7386010549192483,0.0
-1.9651952906678218,0.17690006224204113,0.0
-0.822219722522104,-1.5731955507045914,1.0
0.21219188356719565,1.0588754836378835,1.0
-1.5347215447858833,-0.9530311472981681,1.0
-0.391279434896576,0.06452268767478353,0.0
1.1879198764268772,1.351611059792519,1.0
1.441335487372294,-1.6143645722178794,0.0
-0.9022814562588035,1.0328800168053918,0.0
1.6488972260790398,1.3748521343222713,1.0
-0.6045182808806451,0.029242692533768988,0.0
-1.0638589224115846,1.9543708437427871,0.0
0.6089409564218977,1.9398671827822231,1.0
-1.3772755387060482,0.9594567113231349,0.0
-1.4004518003187632,1.7075828009488982,0.0
-1.5083603666739545,-1.8330160299436127,1.0
0.5235409197273966,0.8011609018147801,0.0
-0.4410530694355983,-0.9831662129028866,1.0
